"sample","conc","vol","mix_vol"
"amp1_set1",4.77815699658703,17.58,17
"amp1_set2",24.7116968698517,6.07,3.3
"amp1_set3",74.5730093817657,41.57,1.1
