"sample","conc","vol","mix_vol"
"amp3_set1",7.33137829912023,13.64,12.8
"amp3_set2",16.0996780064399,71.43,5.85
"amp3_set3",59.8802395209581,15.03,1.58
