"sample","conc","vol","mix_vol"
"amp3_set1",4.91048593350384,19.55,18
"amp3_set2",17.3310225303293,69.24,5.2
"amp3_set3",59.8086124401914,16.72,1.5
